DATE,PURPOSE,SOURCE,TIME POINT,CONTENTS,TUBE NUMBER,STORAGE,FREEZER BOX #,FREEZER BOX ROW #,SHIPPED TO,SHIPPING DATE
20180612,20180612 Montipora Spawning,Collection bucket,Bundle ,Egg/sperm bundles,23-26,,,,,
20180612,20180612 Montipora Spawning,Collection falcon tube,Eggs,Only eggs,27-29,,,,,
20180612,20180612 Montipora Spawning,Conical 8,Fertilized Eggs,Fertilized Eggs,30,"Snap frozen, -80C",,,,
20180612,20180612 Montipora Spawning,Conical 9,Fertilized Eggs,Fertilized Eggs,31,"Snap frozen, -80C",,,,
20180612,20180612 Montipora Spawning,Conical 4,Fertilized Eggs,Fertilized Eggs,32,"Snap frozen, -80C",,,,
20180612,20180612 Montipora Spawning,Conical 1,Fertilized Eggs,Fertilized Eggs,116,"Snap frozen, -80C",,,,
20180612,20180612 Montipora Spawning,Conical 2,Fertilized Eggs,Fertilized Eggs,117,"Snap frozen, -80C",,,,
20180612,20180612 Montipora Spawning,Conical 3,Fertilized Eggs,Fertilized Eggs,103,"Snap frozen, -80C",,,,
20180612,20180612 Montipora Spawning,Concial 5,Fertilized Eggs,Fertilized Eggs,113,"Snap frozen, -80C",,,,
20180612,20180612 Montipora Spawning,Conical 6,Fertilized Eggs,Fertilized Eggs,115,"Snap frozen, -80C",,,,
20180612,20180612 Montipora Spawning,Conical 7,Fertilized Eggs,Fertilized Eggs,114,"Snap frozen, -80C",,,,
20180612,20180612 Montipora Spawning,Conical 1,Fertilized Eggs,Fertilized Eggs,33,"Zfix, -20C",,,,
20180612,20180612 Montipora Spawning,Conical 2,Fertilized Eggs,Fertilized Eggs,34,"Zfix, -20C",,,,
20180612,20180612 Montipora Spawning,Conical 3,Fertilized Eggs,Fertilized Eggs,35,"Zfix, -20C",,,,
20180612,20180612 Montipora Spawning,Conical 4,Fertilized Eggs,Fertilized Eggs,36,"Zfix, -20C",,,,
20180612,20180612 Montipora Spawning,Conical 5,Fertilized Eggs,Fertilized Eggs,37,"Zfix, -20C",,,,
20180612,20180612 Montipora Spawning,Conical 6,Fertilized Eggs,Fertilized Eggs,38,"Zfix, -20C",,,,
20180612,20180612 Montipora Spawning,Conical 7,Fertilized Eggs,Fertilized Eggs,39,"Zfix, -20C",,,,
20180612,20180612 Montipora Spawning,Conical 8,Fertilized Eggs,Fertilized Eggs,40,"Zfix, -20C",,,,
20180612,20180612 Montipora Spawning,Conical 9,Fertilized Eggs,Fertilized Eggs,41,"Zfix, -20C",,,,
20180613,20180612 Montipora Spawning,Conical 1,1:02 AM,Cleaving Eggs,42,"Snap frozen, -80C",,,,
20180613,20180612 Montipora Spawning,Conical 2,1:03 AM,Cleaving Eggs,43,"Snap frozen, -80C",,,,
20180613,20180612 Montipora Spawning,Conical 3,1:04 AM,Cleaving Eggs,44,"Snap frozen, -80C",,,,
20180613,20180612 Montipora Spawning,Conical 4,1:05 AM,Cleaving Eggs,45,"Snap frozen, -80C",,,,
20180613,20180612 Montipora Spawning,Conical 5,1:06 AM,Cleaving Eggs,46,"Snap frozen, -80C",,,,
20180613,20180612 Montipora Spawning,Conical 6,1:07 AM,Cleaving Eggs,47,"Snap frozen, -80C",,,,
20180613,20180612 Montipora Spawning,Conical 7,1:08 AM,Cleaving Eggs,49,"Snap frozen, -80C",,,,
20180613,20180612 Montipora Spawning,Conical 8,1:09 AM,Cleaving Eggs,50,"Snap frozen, -80C",,,,
20180613,20180612 Montipora Spawning,Conical 9,1:10 AM,Cleaving Eggs,48,"Snap frozen, -80C",,,,
20180613,20180612 Montipora Spawning,Conical 1,1:02 AM,Cleaving Eggs,51,"Zfix, -20C",,,,
20180613,20180612 Montipora Spawning,Conical 2,1:03 AM,Cleaving Eggs,52,"Zfix, -20C",,,,
20180613,20180612 Montipora Spawning,Conical 3,1:04 AM,Cleaving Eggs,53,"Zfix, -20C",,,,
20180613,20180612 Montipora Spawning,Conical 4,1:05 AM,Cleaving Eggs,54,"Zfix, -20C",,,,
20180613,20180612 Montipora Spawning,Conical 5,1:06 AM,Cleaving Eggs,55,"Zfix, -20C",,,,
20180613,20180612 Montipora Spawning,Conical 6,1:07 AM,Cleaving Eggs,56,"Zfix, -20C",,,,
20180613,20180612 Montipora Spawning,Conical 7,1:08 AM,Cleaving Eggs,57,"Zfix, -20C",,,,
20180613,20180612 Montipora Spawning,Conical 8,1:09 AM,Cleaving Eggs,58,"Zfix, -20C",,,,
20180613,20180612 Montipora Spawning,Conical 9,1:10 AM,Cleaving Eggs,59,"Zfix, -20C",,,,
20180613,20180612 Montipora Spawning,Conical 1,7:35 AM,Blastula,60,"Snap frozen, -80C",,,,
20180613,20180612 Montipora Spawning,Conical 2,7:35 AM,Blastula,61,"Snap frozen, -80C",,,,
20180613,20180612 Montipora Spawning,Conical 3,7:35 AM,Blastula,62,"Snap frozen, -80C",,,,
20180613,20180612 Montipora Spawning,Conical 4,7:40 AM,Blastula,63,"Snap frozen, -80C",,,,
20180613,20180612 Montipora Spawning,Conical 5,7:40 AM,Blastula,64,"Snap frozen, -80C",,,,
20180613,20180612 Montipora Spawning,Conical 6,7:40 AM,Blastula,65,"Snap frozen, -80C",,,,
20180613,20180612 Montipora Spawning,Conical 7,7:45 AM,Blastula,66,"Snap frozen, -80C",,,,
20180613,20180612 Montipora Spawning,Conical 8,7:45 AM,Blastula,68,"Snap frozen, -80C",,,,
20180613,20180612 Montipora Spawning,Conical 9,7:50 AM,Blastula,67,"Snap frozen, -80C",,,,
20180613,20180612 Montipora Spawning,Conical 1,7:55 AM,Blastula,69,"Zfix, -20C",,,,
20180613,20180612 Montipora Spawning,Conical 2,7:56 AM,Blastula,70,"Zfix, -20C",,,,
20180613,20180612 Montipora Spawning,Conical 3,7:56 AM,Blastula,71,"Zfix, -20C",,,,
20180613,20180612 Montipora Spawning,Conical 4,7:57 AM,Blastula,72,"Zfix, -20C",,,,
20180613,20180612 Montipora Spawning,Conical 5,7:57 AM,Blastula,73,"Zfix, -20C",,,,
20180613,20180612 Montipora Spawning,Conical 6,7:57 AM,Blastula,74,"Zfix, -20C",,,,
20180613,20180612 Montipora Spawning,Conical 7,7:58 AM,Blastula,75,"Zfix, -20C",,,,
20180613,20180612 Montipora Spawning,Conical 8,7:58 AM,Blastula,76,"Zfix, -20C",,,,
20180613,20180612 Montipora Spawning,Conical 9,7:58 AM,Blastula,77,"Zfix, -20C",,,,
20180613,20180612 Montipora Spawning,Conical 1,12:11 PM,Gastrula,78,"Zfix, -20C",,,,
20180613,20180612 Montipora Spawning,Conical 2,12:14 PM,Gastrula,79,"Zfix, -20C",,,,
20180613,20180612 Montipora Spawning,Conical 3,12:19 PM,Gastrula,80,"Zfix, -20C",,,,
20180613,20180612 Montipora Spawning,Conical 4,12:24 PM,Gastrula,81,"Zfix, -20C",,,,
20180613,20180612 Montipora Spawning,Conical 5,12:28 PM,Gastrula,82,"Zfix, -20C",,,,
20180613,20180612 Montipora Spawning,Conical 6,12:32 PM,Gastrula,83,"Zfix, -20C",,,,
20180613,20180612 Montipora Spawning,Conical 7,12:37 PM,Gastrula,84,"Zfix, -20C",,,,
20180613,20180612 Montipora Spawning,Conical 8,12:42 PM,Gastrula,85,"Zfix, -20C",,,,
20180613,20180612 Montipora Spawning,Conical 9,12:45 PM,Gastrula,86,"Zfix, -20C",,,,
20180613,20180612 Montipora Spawning,Conical 1,12:02 PM,Gastrula,87,"Snap frozen, -80C",,,,
20180613,20180612 Montipora Spawning,Conical 2,12:05 PM,Gastrula,88,"Snap frozen, -80C",,,,
20180613,20180612 Montipora Spawning,Conical 3,12:11 PM,Gastrula,89,"Snap frozen, -80C",,,,
20180613,20180612 Montipora Spawning,Conical 4,12:16 PM,Gastrula,90,"Snap frozen, -80C",,,,
20180613,20180612 Montipora Spawning,Conical 5,12:20 PM,Gastrula,91,"Snap frozen, -80C",,,,
20180613,20180612 Montipora Spawning,Conical 6,12:24 PM,Gastrula,92,"Snap frozen, -80C",,,,
20180613,20180612 Montipora Spawning,Conical 7,12:33 PM,Gastrula,93,"Snap frozen, -80C",,,,
20180613,20180612 Montipora Spawning,Conical 8,12:37 PM,Gastrula,94,"Snap frozen, -80C",,,,
20180613,20180612 Montipora Spawning,Conical 9,12:42 PM,Gastrula,95,"Snap frozen, -80C",,,,
20180613,20180612 Montipora Spawning,Tank10,19:58,Gastrula,107,"Zfix, -20C",,,,
20180613,20180612 Montipora Spawning,Tank11,20:00,Gastrula,97,"Zfix, -20C",,,,
20180613,20180612 Montipora Spawning,Tank12,20:03,Gastrula,105,"Zfix, -20C",,,,
20180613,20180612 Montipora Spawning,Tank13,20:05,Gastrula,106,"Zfix, -20C",,,,
20180613,20180612 Montipora Spawning,Tank14,20:06,Gastrula,49,"Zfix, -20C",,,,
20180613,20180612 Montipora Spawning,Tank15,20:08,Gastrula,?????????,"Zfix, -20C",,,,
20180613,20180612 Montipora Spawning,Tank10,19:45,Gastrula,104,"Snap frozen, -80C",,,,
20180613,20180612 Montipora Spawning,Tank11,19:47,Gastrula,110,"Snap frozen, -80C",,,,
20180613,20180612 Montipora Spawning,Tank12,19:50,Gastrula,108,"Snap frozen, -80C",,,,
20180613,20180612 Montipora Spawning,Tank13,19:52,Gastrula,100,"Snap frozen, -80C",,,,
20180613,20180612 Montipora Spawning,Tank14,19:54,Gastrula,96,"Snap frozen, -80C",,,,
20180613,20180612 Montipora Spawning,Tank15,19:56,Gastrula,98,"Snap frozen, -80C",,,,
20180613,20180613 Montipora Spawning,Collection falcon tube,Bundle ,Egg/sperm bundles,102,?????,,,,
20180613,20180613 Montipora Spawning,Collection falcon tube,Bundle ,Egg/sperm bundles,101,?????,,,,
20180613,20180613 Montipora Spawning,Collection falcon tube,Bundle ,Egg/sperm bundles,112,?????,,,,
20180613,20180613 Montipora Spawning,Collection falcon tube,Bundle ,Egg/sperm bundles,111,?????,,,,
20180613,20180613 Montipora Spawning,Collection falcon tube,Bundle ,Egg/sperm bundles,118,?????,,,,
20180613,20180613 Montipora Spawning,Collection falcon tube,Eggs,Only eggs,119,"Snap frozen, -80C",,,,
20180613,20180613 Montipora Spawning,Collection falcon tube,Eggs,Only eggs,120,"Snap frozen, -80C",,,,
20180613,20180613 Montipora Spawning,Collection falcon tube,Eggs,Only eggs,121,"Snap frozen, -80C",,,,
20180613,20180613 Montipora Spawning,Collection falcon tube,Eggs,Only eggs,122,"Snap frozen, -80C",,,,
20180613,20180613 Montipora Spawning,Collection falcon tube,Eggs,Only eggs,123,"Snap frozen, -80C",,,,
20180613,20180613 Montipora Spawning,Collection falcon tube,Eggs,Only eggs,124,"Zfix, -20C",,,,
20180613,20180613 Montipora Spawning,Collection falcon tube,Eggs,Only eggs,125,"Zfix, -20C",,,,
20180613,20180613 Montipora Spawning,Conical 1,Fertilized Eggs,Fertilized Eggs,126,"Snap frozen, -80C",,,,
20180613,20180613 Montipora Spawning,Conical 2,Fertilized Eggs,Fertilized Eggs,127,"Snap frozen, -80C",,,,
20180613,20180613 Montipora Spawning,Conical 3,Fertilized Eggs,Fertilized Eggs,128,"Snap frozen, -80C",,,,
20180613,20180613 Montipora Spawning,Conical 4,Fertilized Eggs,Fertilized Eggs,129,"Snap frozen, -80C",,,,
20180613,20180613 Montipora Spawning,Conical 5,Fertilized Eggs,Fertilized Eggs,130,"Snap frozen, -80C",,,,
20180613,20180613 Montipora Spawning,Conical 6,Fertilized Eggs,Fertilized Eggs,131,"Snap frozen, -80C",,,,
20180613,20180613 Montipora Spawning,Conical 7,Fertilized Eggs,Fertilized Eggs,132,"Snap frozen, -80C",,,,
20180613,20180613 Montipora Spawning,Conical 8,Fertilized Eggs,Fertilized Eggs,133,"Snap frozen, -80C",,,,
20180613,20180613 Montipora Spawning,Conical 9,Fertilized Eggs,Fertilized Eggs,134,"Snap frozen, -80C",,,,
20180613,20180613 Montipora Spawning,Conical 1,Fertilized Eggs,Fertilized Eggs,135,"Zfix, -20C",,,,
20180613,20180613 Montipora Spawning,Conical 2,Fertilized Eggs,Fertilized Eggs,136,"Zfix, -20C",,,,
20180613,20180613 Montipora Spawning,Conical 3,Fertilized Eggs,Fertilized Eggs,137,"Zfix, -20C",,,,
20180613,20180613 Montipora Spawning,Conical 4,Fertilized Eggs,Fertilized Eggs,138,"Zfix, -20C",,,,
20180613,20180613 Montipora Spawning,Conical 5,Fertilized Eggs,Fertilized Eggs,139,"Zfix, -20C",,,,
20180613,20180613 Montipora Spawning,Conical 6,Fertilized Eggs,Fertilized Eggs,140,"Zfix, -20C",,,,
20180613,20180613 Montipora Spawning,Conical 7,Fertilized Eggs,Fertilized Eggs,141,"Zfix, -20C",,,,
20180613,20180613 Montipora Spawning,Conical 8,Fertilized Eggs,Fertilized Eggs,142,"Zfix, -20C",,,,
20180613,20180613 Montipora Spawning,Conical 9,Fertilized Eggs,Fertilized Eggs,143,"Zfix, -20C",,,,
20180614,20180613 Montipora Spawning,Conical 1,2:04,Cleaving Eggs,144,"Zfix, -20C",,,,
20180614,20180613 Montipora Spawning,Conical 2,2:05,Cleaving Eggs,145,"Zfix, -20C",,,,
20180614,20180613 Montipora Spawning,Conical 3,2:06,Cleaving Eggs,146,"Zfix, -20C",,,,
20180614,20180613 Montipora Spawning,Conical 4,2:07,Cleaving Eggs,147,"Zfix, -20C",,,,
20180614,20180613 Montipora Spawning,Conical 5,2:08,Cleaving Eggs,148,"Zfix, -20C",,,,
20180614,20180613 Montipora Spawning,Conical 6,2:09,Cleaving Eggs,149,"Zfix, -20C",,,,
20180614,20180613 Montipora Spawning,Conical 7,2:09,Cleaving Eggs,150,"Zfix, -20C",,,,
20180614,20180613 Montipora Spawning,Conical 8,2:10,Cleaving Eggs,151,"Zfix, -20C",,,,
20180614,20180613 Montipora Spawning,Conical 9,2:11,Cleaving Eggs,152,"Zfix, -20C",,,,
20180614,20180613 Montipora Spawning,Conical 1,2:02,Cleaving Eggs,153,"Snap frozen, -80C",,,,
20180614,20180613 Montipora Spawning,Conical 2,2:04,Cleaving Eggs,154,"Snap frozen, -80C",,,,
20180614,20180613 Montipora Spawning,Conical 3,2:07,Cleaving Eggs,155,"Snap frozen, -80C",,,,
20180614,20180613 Montipora Spawning,Conical 4,2:08,Cleaving Eggs,156,"Snap frozen, -80C",,,,
20180614,20180613 Montipora Spawning,Conical 5,2:09,Cleaving Eggs,157,"Snap frozen, -80C",,,,
20180614,20180613 Montipora Spawning,Conical 6,2:09,Cleaving Eggs,158,"Snap frozen, -80C",,,,
20180614,20180613 Montipora Spawning,Conical 7,2:10,Cleaving Eggs,159,"Snap frozen, -80C",,,,
20180614,20180613 Montipora Spawning,Conical 8,2:11,Cleaving Eggs,160,"Snap frozen, -80C",,,,
20180614,20180613 Montipora Spawning,Conical 9,2:12,Cleaving Eggs,161,"Snap frozen, -80C",,,,
20180614,20180613 Montipora Spawning,Conical 1,7:10 AM,Blastula,162,"Snap frozen, -80C",,,,
20180614,20180613 Montipora Spawning,Conical 2,7:12 AM,Blastula,163,"Snap frozen, -80C",,,,
20180614,20180613 Montipora Spawning,Conical 3,7:13 AM,Blastula,164,"Snap frozen, -80C",,,,
20180614,20180613 Montipora Spawning,Conical 4,not sampled,Blastula,not sampled,not sampled,,,,
20180614,20180613 Montipora Spawning,Conical 5,7:16 AM,Blastula,165,"Snap frozen, -80C",,,,
20180614,20180613 Montipora Spawning,Conical 6,7:17 AM,Blastula,166,"Snap frozen, -80C",,,,
20180614,20180613 Montipora Spawning,Conical 7,7:18 AM,Blastula,167,"Snap frozen, -80C",,,,
20180614,20180613 Montipora Spawning,Conical 8,7:19 AM,Blastula,168,"Snap frozen, -80C",,,,
20180614,20180613 Montipora Spawning,Conical 9,7:20 AM,Blastula,169,"Snap frozen, -80C",,,,
20180614,20180613 Montipora Spawning,Conical 1,7:21 AM,Blastula,170,"Zfix, -20C",,,,
20180614,20180613 Montipora Spawning,Conical 2,7:21 AM,Blastula,171,"Zfix, -20C",,,,
20180614,20180613 Montipora Spawning,Conical 3,7:22 AM,Blastula,172,"Zfix, -20C",,,,
20180614,20180613 Montipora Spawning,Conical 4,not sampled,Blastula,not sampled,not sampled,,,,
20180614,20180613 Montipora Spawning,Conical 5,7:23 AM,Blastula,174,"Zfix, -20C",,,,
20180614,20180613 Montipora Spawning,Conical 6,7:24 AM,Blastula,175,"Zfix, -20C",,,,
20180614,20180613 Montipora Spawning,Conical 7,7:24 AM,Blastula,176,"Zfix, -20C",,,,
20180614,20180613 Montipora Spawning,Conical 8,7:25 AM,Blastula,177,"Zfix, -20C",,,,
20180614,20180613 Montipora Spawning,Conical 9,7:26 AM,Blastula,178,"Zfix, -20C",,,,
20180614,20180613 Montipora Spawning,Conical 1,12:04,Gastrula,179,"Snap frozen, -80C",,,,
20180614,20180613 Montipora Spawning,Conical 2,12:07,Gastrula,180,"Snap frozen, -80C",,,,
20180614,20180613 Montipora Spawning,Conical 3,12:08,Gastrula,181,"Snap frozen, -80C",,,,
20180614,20180613 Montipora Spawning,Conical 4,not sampled,Gastrula,not sampled,not sampled,,,,
20180614,20180613 Montipora Spawning,Conical 5,12:10,Gastrula,182,"Snap frozen, -80C",,,,
20180614,20180613 Montipora Spawning,Conical 6,12:12,Gastrula,183,"Snap frozen, -80C",,,,
20180614,20180613 Montipora Spawning,Conical 7,12:15,Gastrula,184,"Snap frozen, -80C",,,,
20180614,20180613 Montipora Spawning,Conical 8,12:17,Gastrula,185,"Snap frozen, -80C",,,,
20180614,20180613 Montipora Spawning,Conical 9,12:18,Gastrula,186,"Snap frozen, -80C",,,,
20180614,20180613 Montipora Spawning,Conical 1,12:01,Gastrula,187,"Zfix, -20C",,,,
20180614,20180613 Montipora Spawning,Conical 2,12:02,Gastrula,188,"Zfix, -20C",,,,
20180614,20180613 Montipora Spawning,Conical 3,12:04,Gastrula,189,"Zfix, -20C",,,,
20180614,20180613 Montipora Spawning,Conical 4,not sampled,Gastrula,not sampled,not sampled,,,,
20180614,20180613 Montipora Spawning,Conical 5,12:05,Gastrula,190,"Zfix, -20C",,,,
20180614,20180613 Montipora Spawning,Conical 6,12:06,Gastrula,191,"Zfix, -20C",,,,
20180614,20180613 Montipora Spawning,Conical 7,12:07,Gastrula,192,"Zfix, -20C",,,,
20180614,20180613 Montipora Spawning,Conical 8,12:08,Gastrula,193,"Zfix, -20C",,,,
20180614,20180613 Montipora Spawning,Conical 9,12:11,Gastrula,173,"Zfix, -20C",,,,
20180614,20180612 Montipora Spawning,"Tank 10, Mont. Bin 1",12:09,Swimming larvae,195,"Snap frozen, -80C",,,,
20180614,20180612 Montipora Spawning,"Tank 11, Mont. Bin 4",12:11,Swimming larvae,194,"Snap frozen, -80C",,,,
20180614,20180612 Montipora Spawning,"Tank 12, Mont. Bin 6",12:14,Swimming larvae,196,"Snap frozen, -80C",,,,
20180614,20180612 Montipora Spawning,"Tank 13, Mont. Bin 2",12:15,Swimming larvae,197,"Snap frozen, -80C",,,,
20180614,20180612 Montipora Spawning,"Tank 14, Mont. Bin 5",12:16,Swimming larvae,198,"Snap frozen, -80C",,,,
20180614,20180612 Montipora Spawning,"Tank 15, Mont. Bin 8",12:17,Swimming larvae,199,"Snap frozen, -80C",,,,
20180614,20180612 Montipora Spawning,"Tank 10, Mont. Bin 1",12:09,Swimming larvae,201,"Zfix, -20C",,,,
20180614,20180612 Montipora Spawning,"Tank 11, Mont. Bin 4",12:11,Swimming larvae,200,"Zfix, -20C",,,,
20180614,20180612 Montipora Spawning,"Tank 12, Mont. Bin 6",12:14,Swimming larvae,203,"Zfix, -20C",,,,
20180614,20180612 Montipora Spawning,"Tank 13, Mont. Bin 2",12:15,Swimming larvae,202,"Zfix, -20C",,,,
20180614,20180612 Montipora Spawning,"Tank 14, Mont. Bin 5",12:16,Swimming larvae,204,"Zfix, -20C",,,,
20180614,20180612 Montipora Spawning,"Tank 15, Mont. Bin 8",12:17,Swimming larvae,205,"Zfix, -20C",,,,
20180614,20180613 Montipora Spawning,"Tank 10, Mont. Bin 1 6/13",20:00,Gastrula,212,"Snap frozen, -80C",,,,
20180614,20180613 Montipora Spawning,"Tank 11, Mont. Bin 9 6/13",20:02,Gastrula,213,"Snap frozen, -80C",,,,
20180614,20180613 Montipora Spawning,"Tank 12, Mont. Bin 6 6/13",20:04,Gastrula,214,"Snap frozen, -80C",,,,
20180614,20180613 Montipora Spawning,"Tank 13, Mont. Bin 2 6/13",20:05,Gastrula,215,"Snap frozen, -80C",,,,
20180614,20180613 Montipora Spawning,"Tank 14, Mont. Bin 5 6/13",20:08,Gastrula,216,"Snap frozen, -80C",,,,
20180614,20180613 Montipora Spawning,"Tank 15, Mont. Bin 8 6/13",20:10,Gastrula,217,"Snap frozen, -80C",,,,
20180614,20180613 Montipora Spawning,"Tank 10, Mont. Bin 1 6/13",20:00,Gastrula,206,"Zfix, -20C",,,,
20180614,20180613 Montipora Spawning,"Tank 11, Mont. Bin 9 6/13",20:02,Gastrula,207,"Zfix, -20C",,,,
20180614,20180613 Montipora Spawning,"Tank 12, Mont. Bin 6 6/13",20:04,Gastrula,208,"Zfix, -20C",,,,
20180614,20180613 Montipora Spawning,"Tank 13, Mont. Bin 2 6/13",20:05,Gastrula,209,"Zfix, -20C",,,,
20180614,20180613 Montipora Spawning,"Tank 14, Mont. Bin 5 6/13",20:08,Gastrula,210,"Zfix, -20C",,,,
20180614,20180613 Montipora Spawning,"Tank 15, Mont. Bin 8 6/13",20:10,Gastrula,211,"Zfix, -20C",,,,
20180615,20180613 Montipora Spawning,"Tank 10, Mont. Bin 1 6/13",12:00,Swimming larvae,218,"Snap frozen, -80C",,,,
20180615,20180613 Montipora Spawning,"Tank 11, Mont. Bin 9 6/13",12:01,Swimming larvae,219,"Snap frozen, -80C",,,,
20180615,20180613 Montipora Spawning,"Tank 12, Mont. Bin 6 6/13",12:02,Swimming larvae,220,"Snap frozen, -80C",,,,
20180615,20180613 Montipora Spawning,"Tank 13, Mont. Bin 2 6/13",12:04,Swimming larvae,221,"Snap frozen, -80C",,,,
20180615,20180613 Montipora Spawning,"Tank 14, Mont. Bin 5 6/13",12:05,Swimming larvae,222,"Snap frozen, -80C",,,,
20180615,20180613 Montipora Spawning,"Tank 15, Mont. Bin 8 6/13",12:06,Swimming larvae,223,"Snap frozen, -80C",,,,
20180615,20180613 Montipora Spawning,"Tank 10, Mont. Bin 1 6/13",12:00,Swimming larvae,224,"Zfix, -20C",,,,
20180615,20180613 Montipora Spawning,"Tank 11, Mont. Bin 9 6/13",12:01,Swimming larvae,225,"Zfix, -20C",,,,
20180615,20180613 Montipora Spawning,"Tank 12, Mont. Bin 6 6/13",12:02,Swimming larvae,226,"Zfix, -20C",,,,
20180615,20180613 Montipora Spawning,"Tank 13, Mont. Bin 2 6/13",12:04,Swimming larvae,227,"Zfix, -20C",,,,
20180615,20180613 Montipora Spawning,"Tank 14, Mont. Bin 5 6/13",12:05,Swimming larvae,228,"Zfix, -20C",,,,
20180615,20180613 Montipora Spawning,"Tank 15, Mont. Bin 8 6/13",12:06,Swimming larvae,229,"Zfix, -20C",,,,
20180616,20180613 Montipora Spawning,"Tank 10, Mont. Bin 1 6/13",12:11,Swimming larvae,230,"Snap frozen, -80C",,,,
20180616,20180613 Montipora Spawning,"Tank 11, Mont. Bin 9 6/13",12:13,Swimming larvae,231,"Snap frozen, -80C",,,,
20180616,20180613 Montipora Spawning,"Tank 12, Mont. Bin 6 6/13",12:17,Swimming larvae,232,"Snap frozen, -80C",,,,
20180616,20180613 Montipora Spawning,"Tank 13, Mont. Bin 2 6/13",12:20,Swimming larvae,233,"Snap frozen, -80C",,,,
20180616,20180613 Montipora Spawning,"Tank 14, Mont. Bin 5 6/13",12:22,Swimming larvae,234,"Snap frozen, -80C",,,,
20180616,20180613 Montipora Spawning,"Tank 15, Mont. Bin 8 6/13",12:24,Swimming larvae,235,"Snap frozen, -80C",,,,
20180616,20180613 Montipora Spawning,"Tank 10, Mont. Bin 1 6/13",12:11,Swimming larvae,236,"Zfix, -20C",,,,
20180616,20180613 Montipora Spawning,"Tank 11, Mont. Bin 9 6/13",12:13,Swimming larvae,237,"Zfix, -20C",,,,
20180616,20180613 Montipora Spawning,"Tank 12, Mont. Bin 6 6/13",12:17,Swimming larvae,238,"Zfix, -20C",,,,
20180616,20180613 Montipora Spawning,"Tank 13, Mont. Bin 2 6/13",12:20,Swimming larvae,239,"Zfix, -20C",,,,
20180616,20180613 Montipora Spawning,"Tank 14, Mont. Bin 5 6/13",12:22,Swimming larvae,240,"Zfix, -20C",,,,
20180616,20180613 Montipora Spawning,"Tank 15, Mont. Bin 8 6/13",12:24,Swimming larvae,241,"Zfix, -20C",,,,
20180617,20180613 Montipora Spawning,"Tank 10, Mont. Bin 1 6/13",12:00,Swimming larvae,242,"Snap frozen, -80C",,,,
20180617,20180613 Montipora Spawning,"Tank 11, Mont. Bin 9 6/13",12:02,Swimming larvae,243,"Snap frozen, -80C",,,,
20180617,20180613 Montipora Spawning,"Tank 12, Mont. Bin 6 6/13",12:03,Swimming larvae,244,"Snap frozen, -80C",,,,
20180617,20180613 Montipora Spawning,"Tank 13, Mont. Bin 2 6/13",12:04,Swimming larvae,245,"Snap frozen, -80C",,,,
20180617,20180613 Montipora Spawning,"Tank 14, Mont. Bin 5 6/13",12:05,Swimming larvae,246,"Snap frozen, -80C",,,,
20180617,20180613 Montipora Spawning,"Tank 15, Mont. Bin 8 6/13",12:06,Swimming larvae,247,"Snap frozen, -80C",,,,
20180617,20180613 Montipora Spawning,"Tank 10, Mont. Bin 1 6/13",12:00,Swimming larvae,248,"Zfix, -20C",,,,
20180617,20180613 Montipora Spawning,"Tank 11, Mont. Bin 9 6/13",12:02,Swimming larvae,249,"Zfix, -20C",,,,
20180617,20180613 Montipora Spawning,"Tank 12, Mont. Bin 6 6/13",12:03,Swimming larvae,250,"Zfix, -20C",,,,
20180617,20180613 Montipora Spawning,"Tank 13, Mont. Bin 2 6/13",12:04,Swimming larvae,251,"Zfix, -20C",,,,
20180617,20180613 Montipora Spawning,"Tank 14, Mont. Bin 5 6/13",12:05,Swimming larvae,252,"Zfix, -20C",,,,
20180617,20180613 Montipora Spawning,"Tank 15, Mont. Bin 8 6/13",12:06,Swimming larvae,253,"Zfix, -20C",,,,
20180617,Pocillopora Trial #1,"Tank 15, Bin1",14:00,21 larvae,259,"Snap frozen, -80C",,,,
20180617,Pocillopora Trial #1,"Tank 15, Bin2",14:00,4 larvae,260,"Snap frozen, -80C",,,,
20180617,Pocillopora Trial #1,"Tank 15, Bin2",14:00,1 settled larvae,261,"Snap frozen, -80C",,,,
20180617,Pocillopora Trial #1,"Tank 15, Bin 13",14:00,27 larvae,262,"Snap frozen, -80C",,,,
20180617,Pocillopora Trial #1,"Tank 15, Bin 13",14:00,2 settled larvae,263,"Snap frozen, -80C",,,,
20180617,Pocillopora Trial #1,"Tank 15, Bin 25",14:00,3 settled larvae,264,"Snap frozen, -80C",,,,
20180617,Pocillopora Trial #1,"Tank 15, Bin 25",14:00,12 larvae,254,"Snap frozen, -80C",,,,
20180617,Pocillopora Trial #1,"Tank 15, Bin 26",14:00,5 settled larvae,255,"Snap frozen, -80C",,,,
20180617,Pocillopora Trial #1,"Tank 15, Bin 26",14:00,17 larvae,256,"Snap frozen, -80C",,,,
20180617,Pocillopora Trial #1,"Tank 14, Bin 4",14:00,9 larvae,257,"Snap frozen, -80C",,,,
20180617,Pocillopora Trial #1,"Tank 14, Bin 3",14:00,28 larvae,258,"Snap frozen, -80C",,,,
20180617,Pocillopora Trial #1,"Tank 14, Bin 3",14:00,1 settled larvae,267,SEM,,,,
20180617,Pocillopora Trial #1,"Tank 14, Bin 15",14:00,20 larvae,268,"Snap frozen, -80C",,,,
20180617,Pocillopora Trial #1,"Tank 14, Bin 16",14:00,2 larvae,269,"Snap frozen, -80C",,,,
20180617,Pocillopora Trial #1,"Tank 14, Bin 27",14:00,1 settled larvae,274,SEM,,,,
20180617,Pocillopora Trial #1,"Tank 14, Bin 27",14:00,19 larvae,271,"Snap frozen, -80C",,,,
20180617,Pocillopora Trial #1,"Tank 14, Bin 28",14:00,18 larvae,275,"Snap frozen, -80C",,,,
20180617,Pocillopora Trial #1,"Tank 14, Bin 28",14:00,5 settled larvae,277,"Snap frozen, -80C",,,,
20180617,Pocillopora Trial #1,"Tank 13, Bin 5",15:00,13 larvae,279,"Snap frozen, -80C",,,,
20180617,Pocillopora Trial #1,"Tank 13, Bin 6",15:00,10 larvae,280,"Snap frozen, -80C",,,,
20180617,Pocillopora Trial #1,"Tank 13, Bin 17",15:00,19 larvae,282,"Snap frozen, -80C",,,,
20180617,Pocillopora Trial #1,"Tank 13, Bin 18",15:00,3 larvae,285,"Snap frozen, -80C",,,,
20180617,Pocillopora Trial #1,"Tank 13, Bin 18",15:00,1 settled larvae,287,"Snap frozen, -80C",,,,
20180617,Pocillopora Trial #1,"Tank 13, Bin 29",15:00,22 larvae,288,"Snap frozen, -80C",,,,
20180617,Pocillopora Trial #1,"Tank 13, Bin 29",15:00,3 settled larvae,291,"Snap frozen, -80C",,,,
20180617,Pocillopora Trial #1,"Tank 13, Bin 30",15:00,17 larvae,293,"Snap frozen, -80C",,,,
20180617,Pocillopora Trial #1,"Tank 13, Bin 30",15:00,3 settled larvae,296,"Snap frozen, -80C",,,,
20180617,Pocillopora Trial #1,"Tank 12, Bin 7",15:00,21 larvae,298,"Snap frozen, -80C",,,,
20180617,Pocillopora Trial #1,"Tank 12, Bin 7",15:00,4-6 larvae,300,"Snap frozen, -80C",,,,
20180617,Pocillopora Trial #1,"Tank 10, Bin 12",15:00,7 swimming,265,"Snap frozen, -80C",,,,
20180617,Pocillopora Trial #1,"Tank 10, Bin 11",15:00,"24 swimming, 2 settled",266,"Snap frozen, -80C",,,,
20180617,Pocillopora Trial #1,"Tank 10, Bin 24",15:00,5 swimming,270,"Snap frozen, -80C",,,,
20180617,Pocillopora Trial #1,"Tank 10, Bin 24",15:00,2 settled,272,Ethanol,,,,
20180617,Pocillopora Trial #1,"Tank 10, Bin 23",15:00,"23 swimming, 3 settled",273,"Snap frozen, -80C",,,,
20180617,Pocillopora Trial #1,"Tank 10, Bin 35",15:00,25 swimming ,276,"Snap frozen, -80C",,,,
20180617,Pocillopora Trial #1,"Tank 10, Bin 35",15:00,9 settled,278,"Snap frozen, -80C",,,,
20180617,Pocillopora Trial #1,"Tank 10, Bin 36",15:00,15 swimming,281,"Snap frozen, -80C",,,,
20180617,Pocillopora Trial #1,"Tank 10, Bin 36",15:00,6-8 settled,283,"Snap frozen, -80C",,,,
20180617,Pocillopora Trial #1,"Tank 10, Bin 36",15:00,7-8 settled,284,Ethanol,,,,
20180617,Pocillopora Trial #1,"Tank 11, Bin 10",16:00,5 swimming,286,"Snap frozen, -80C",,,,
20180617,Pocillopora Trial #1,"Tank 11, Bin 10",16:00,3 settled,289,Ethanol,,,,
20180617,Pocillopora Trial #1,"Tank 11, Bin 9",16:00,22 swimming ,290,"Snap frozen, -80C",,,,
20180617,Pocillopora Trial #1,"Tank 11, Bin 9",16:00,2 settled,292,"Snap frozen, -80C",,,,
20180617,Pocillopora Trial #1,"Tank 11, Bin 9",16:00,1 swimming,294,"Snap frozen, -80C",,,,
20180617,Pocillopora Trial #1,"Tank 11, Bin 9",16:00,1 settled  ,295,Ethanol,,,,
20180617,Pocillopora Trial #1,"Tank 11, Bin 21",16:00,"24 swimming, 2 settled",297,"Snap frozen, -80C",,,,
20180617,Pocillopora Trial #1,"Tank 11, Bin 33",16:00,21 swimming,299,"Snap frozen, -80C",,,,
20180617,Pocillopora Trial #1,"Tank 11, Bin 33",16:00,9 settled,301,"Snap frozen, -80C",,,,
20180617,Pocillopora Trial #1,"Tank 11, Bin 34",16:00,"24 swimming, 3 settled",302,"Snap frozen, -80C",,,,
20180617,Pocillopora Trial #1,"Tank 11, Bin 34",16:00,2 settled,303,"Snap frozen, -80C",,,,
20180617,Pocillopora Trial #1,"Tank 12, Bin 8",16:00,12 swimming,304,"Snap frozen, -80C",,,,
20180617,Pocillopora Trial #1,"Tank 12, Bin 19",16:00,"22 swimming, 1 settled",305,"Snap frozen, -80C",,,,
20180617,Pocillopora Trial #1,"Tank 12, Bin 20",16:00,"10 swimming, 2 settled",306,"Snap frozen, -80C",,,,
20180617,Pocillopora Trial #1,"Tank 12, Bin 31",16:00,20 swimming,307,"Snap frozen, -80C",,,,
20180617,Pocillopora Trial #1,"Tank 12, Bin 32",16:00,"5 swimming, 4 settled",308,"Snap frozen, -80C",,,,
20180617,Pocillopora Trial #1,"Tank 12, Bin 31",16:00,4 settled,309,"Snap frozen, -80C",,,,
20180618,20180613 Montipora Spawning,"Tank 10, Mont. Bin 1 6/13",12:00,swimming larvae,310,"Snap frozen, -80C",,,,
20180618,20180613 Montipora Spawning,"Tank 10, Mont. Bin 1 6/13",12:00,swimming larvae,316,"Zfix, -20C",,,,
20180618,20180613 Montipora Spawning,"Tank 11, Mont. Bin 9 6/13",12:00,swimming larvae,311,"Snap frozen, -80C",,,,
20180618,20180613 Montipora Spawning,"Tank 11, Mont. Bin 9 6/13",12:00,swimming larvae,317,"Zfix, -20C",,,,
20180618,20180613 Montipora Spawning,"Tank 12, Mont. Bin 6 6/13",12:00,swimming larvae,312,"Snap frozen, -80C",,,,
20180618,20180613 Montipora Spawning,"Tank 12, Mont. Bin 6 6/13",12:00,swimming larvae,318,"Zfix, -20C",,,,
20180618,20180613 Montipora Spawning,"Tank 13, Mont. Bin 2 6/13",12:00,swimming larvae,313,"Snap frozen, -80C",,,,
20180618,20180613 Montipora Spawning,"Tank 13, Mont. Bin 2 6/13",12:00,swimming larvae,319,"Zfix, -20C",,,,
20180618,20180613 Montipora Spawning,"Tank 15, Mont. Bin 8 6/13",12:00,swimming larvae,315,"Snap frozen, -80C",,,,
20180618,20180613 Montipora Spawning,"Tank 15, Mont. Bin 8 6/13",12:00,swimming larvae,321,"Zfix, -20C",,,,
20180618,20180613 Montipora Spawning,"Tank 14, Mont. Bin 5 6/13",12:00,swimming larvae,314,"Snap frozen, -80C",,,,
20180618,20180613 Montipora Spawning,"Tank 14, Mont. Bin 5 6/13",12:00,swimming larvae,320,"Zfix, -20C",,,,
20180620,20180613 Montipora Spawning,"Tank 10, Mont. Bin 1 6/13",12:02,swimming larvae,321,"Snap frozen, -80C",,,,
20180620,20180613 Montipora Spawning,"Tank 10, Mont. Bin 1 6/13",12:02,swimming larvae,327,"Zfix, -20C",,,,
20180620,20180613 Montipora Spawning,"Tank 11, Mont. Bin 9 6/13",12:07,swimming larvae,322,"Snap frozen, -80C",,,,
20180620,20180613 Montipora Spawning,"Tank 11, Mont. Bin 9 6/13",12:07,swimming larvae,328,"Zfix, -20C",,,,
20180620,20180613 Montipora Spawning,"Tank 12, Mont. Bin 6 6/13",12:10,swimming larvae,323,"Snap frozen, -80C",,,,
20180620,20180613 Montipora Spawning,"Tank 12, Mont. Bin 6 6/13",12:10,swimming larvae,329,"Zfix, -20C",,,,
20180620,20180613 Montipora Spawning,"Tank 13, Mont. Bin 2 6/13",12:14,swimming larvae,324,"Snap frozen, -80C",,,,
20180620,20180613 Montipora Spawning,"Tank 13, Mont. Bin 2 6/13",12:16,swimming larvae,330,"Zfix, -20C",,,,
20180620,20180613 Montipora Spawning,"Tank 15, Mont. Bin 8 6/13",12:17,swimming larvae,325,"Snap frozen, -80C",,,,
20180620,20180613 Montipora Spawning,"Tank 15, Mont. Bin 8 6/13",12:18,swimming larvae,331,"Zfix, -20C",,,,
20180620,20180613 Montipora Spawning,"Tank 14, Mont. Bin 5 6/13",12:19,swimming larvae,326,"Snap frozen, -80C",,,,
20180620,20180613 Montipora Spawning,"Tank 14, Mont. Bin 5 6/13",12:19,swimming larvae,332,"Zfix, -20C",,,,
20180620,20180613 Montipora Spawning,Conical 16,12:20,swimming larvae,333,"Snap frozen, -80C",,,,
20180620,20180613 Montipora Spawning,Conical 16,12:20,swimming larvae,334,"Snap frozen, -80C",,,,
20180620,20180613 Montipora Spawning,Conical 16,12:20,swimming larvae,335,"Snap frozen, -80C",,,,
20180620,20180613 Montipora Spawning,Conical 16,12:20,swimming larvae,336,"Zfix, -20C",,,,
20180620,20180613 Montipora Spawning,Conical 17,12:31,swimming larvae,337,"Snap frozen, -80C",,,,
20180620,20180613 Montipora Spawning,Conical 17,12:32,swimming larvae,338,"Snap frozen, -80C",,,,
20180620,20180613 Montipora Spawning,Conical 18,12:33,swimming larvae,341,"Snap frozen, -80C",,,,
20180620,20180613 Montipora Spawning,Conical 18,12:34,swimming larvae,342,"Snap frozen, -80C",,,,
20180620,20180613 Montipora Spawning,Conical 18,12:35,swimming larvae,343,"Snap frozen, -80C",,,,
20180620,20180613 Montipora Spawning,Conical 18,12:36,swimming larvae,344,"Zfix, -20C",,,,
20180620,20180613 Montipora Spawning,Conical 17,12:33,swimming larvae,339,"Snap frozen, -80C",,,,
20180620,20180613 Montipora Spawning,Conical 17,12:34,swimming larvae,340,"Zfix, -20C",,,,
20180621,20180613 Montipora Spawning,Conical 17,12:09,swimming larvae,356,"Snap frozen, -80C",,,,
20180621,20180613 Montipora Spawning,Conical 17,12:09,swimming larvae,355,"Snap frozen, -80C",,,,
20180621,20180613 Montipora Spawning,Conical 17,12:09,swimming larvae,357,"Snap frozen, -80C",,,,
20180621,20180613 Montipora Spawning,Conical 17,12:09,swimming larvae,358,"Zfix, -20C",,,,
20180621,20180613 Montipora Spawning,Conical 16,12:20,swimming larvae,351,"Snap frozen, -80C",,,,
20180621,20180613 Montipora Spawning,Conical 16,12:20,swimming larvae,352,"Snap frozen, -80C",,,,
20180621,20180613 Montipora Spawning,Conical 16,12:20,swimming larvae,350,"Snap frozen, -80C",,,,
20180621,20180613 Montipora Spawning,Conical 16,12:20,swimming larvae,349,"Zfix, -20C",,,,
20180621,20180613 Montipora Spawning,Conical 18,12:30,swimming larvae,345,"Snap frozen, -80C",,,,
20180621,20180613 Montipora Spawning,Conical 18,12:30,swimming larvae,346,"Snap frozen, -80C",,,,
20180621,20180613 Montipora Spawning,Conical 18,12:30,swimming larvae,347,"Snap frozen, -80C",,,,
20180621,20180613 Montipora Spawning,Conical 18,12:30,swimming larvae,348,"Zfix, -20C",,,,
20180622,20180613 Montipora Spawning,Tank 10,12:00,swimming larvae,359,"Snap frozen, -80C",,,,
20180622,20180613 Montipora Spawning,Tank 10,12:00,swimming larvae,360,"Snap frozen, -80C",,,,
20180622,20180613 Montipora Spawning,Tank 10,12:00,swimming larvae,361,"Snap frozen, -80C",,,,
20180622,20180613 Montipora Spawning,Tank 10,12:00,swimming larvae,362,"Zfix, -20C",,,,
20180622,20180613 Montipora Spawning,Tank14,12:10,swimming larvae,363,"Snap frozen, -80C",,,,
20180622,20180613 Montipora Spawning,Tank14,12:10,swimming larvae,364,"Snap frozen, -80C",,,,
20180622,20180613 Montipora Spawning,Tank14,12:10,swimming larvae,365,"Snap frozen, -80C",,,,
20180622,20180613 Montipora Spawning,Tank14,12:10,swimming larvae,366,"Zfix, -20C",,,,
20180622,20180613 Montipora Spawning,Tank 11,12:15,swimming larvae,367,"Snap frozen, -80C",,,,
20180622,20180613 Montipora Spawning,Tank 11,12:15,swimming larvae,368,"Snap frozen, -80C",,,,
20180622,20180613 Montipora Spawning,Tank 11,12:15,swimming larvae,369,"Snap frozen, -80C",,,,
20180622,20180613 Montipora Spawning,Tank 11,12:15,swimming larvae,370,"Zfix, -20C",,,,
20180622,20180613 Montipora Spawning,Tank 12,12:20,swimming larvae,371,"Snap frozen, -80C",,,,
20180622,20180613 Montipora Spawning,Tank 12,12:20,swimming larvae,372,"Snap frozen, -80C",,,,
20180622,20180613 Montipora Spawning,Tank 12,12:20,swimming larvae,373,"Snap frozen, -80C",,,,
20180622,20180613 Montipora Spawning,Tank 12,12:20,swimming larvae,374,"Zfix, -20C",,,,
20180622,20180613 Montipora Spawning,Tank 13,12:25,swimming larvae,375,"Snap frozen, -80C",,,,
20180622,20180613 Montipora Spawning,Tank 13,12:25,swimming larvae,376,"Snap frozen, -80C",,,,
20180622,20180613 Montipora Spawning,Tank 13,12:25,swimming larvae,377,"Snap frozen, -80C",,,,
20180622,20180613 Montipora Spawning,Tank 13,12:25,swimming larvae,378,"Zfix, -20C",,,,
20180622,20180613 Montipora Spawning,Tank 15,12:30,swimming larvae,379,"Snap frozen, -80C",,,,
20180622,20180613 Montipora Spawning,Tank 15,12:30,swimming larvae,380,"Snap frozen, -80C",,,,
20180622,20180613 Montipora Spawning,Tank 15,12:30,swimming larvae,381,"Snap frozen, -80C",,,,
20180622,20180613 Montipora Spawning,Tank 15,12:30,swimming larvae,382,"Zfix, -20C",,,,
20180626,20180613 Montipora Spawning,"Tank 10, Mont. Bin 1 6/13",10:52,swimming larvae,383,"Snap frozen, -80C",,,,
20180626,20180613 Montipora Spawning,"Tank 10, Mont. Bin 1 6/13",10:52,swimming larvae,384,"Snap frozen, -80C",,,,
20180626,20180613 Montipora Spawning,"Tank 10, Mont. Bin 1 6/13",10:52,swimming larvae,385,"Snap frozen, -80C",,,,
20180626,20180613 Montipora Spawning,"Tank 10, Mont. Bin 1 6/13",10:55,swimming larvae,386,"Snap frozen, -80C",,,,
20180626,20180613 Montipora Spawning,"Tank 10, Mont. Bin 1 6/13",10:55,swimming larvae,387,"Snap frozen, -80C",,,,
20180626,20180613 Montipora Spawning,"Tank 10, Mont. Bin 1 6/13",10:55,swimming larvae,388,"Snap frozen, -80C",,,,
20180626,20180613 Montipora Spawning,"Tank 10, Mont. Bin 1 6/13",10:56,swimming larvae,389,"Snap frozen, -80C",,,,
20180626,20180613 Montipora Spawning,"Tank 10, Mont. Bin 1 6/13",10:56,swimming larvae,390,"Snap frozen, -80C",,,,
20180626,20180613 Montipora Spawning,"Tank 10, Mont. Bin 1 6/13",10:56,swimming larvae,391,"Snap frozen, -80C",,,,
20180626,20180613 Montipora Spawning,"Tank 10, Mont. Bin 1 6/13",11:01,swimming larvae,392,"Snap frozen, -80C",,,,
20180626,20180613 Montipora Spawning,"Tank 10, Mont. Bin 1 6/13",11:01,swimming larvae,393,"Snap frozen, -80C",,,,
20180626,20180613 Montipora Spawning,"Tank 10, Mont. Bin 1 6/13",11:01,swimming larvae,394,"Snap frozen, -80C",,,,
20180626,20180613 Montipora Spawning,"Tank 10, Mont. Bin 1 6/13",11:10,swimming larvae,395,"Snap frozen, -80C",,,,
20180626,20180613 Montipora Spawning,"Tank 10, Mont. Bin 1 6/13",11:10,swimming larvae,396,"Snap frozen, -80C",,,,
20180626,20180613 Montipora Spawning,"Tank 10, Mont. Bin 1 6/13",11:10,swimming larvae,397,"Snap frozen, -80C",,,,
20180626,20180613 Montipora Spawning,"Tank 10, Mont. Bin 1 6/13",11:25,swimming larvae,398,"Snap frozen, -80C",,,,
20180626,20180613 Montipora Spawning,"Tank 10, Mont. Bin 1 6/13",11:25,swimming larvae,399,"Snap frozen, -80C",,,,
20180626,20180613 Montipora Spawning,"Tank 10, Mont. Bin 1 6/13",11:25,swimming larvae,400,"Snap frozen, -80C",,,,
20180626,20180613 Montipora Spawning,"Tank 10, Mont. Bin 1 6/13",11:32,swimming larvae,401,"Snap frozen, -80C",,,,
20180626,20180613 Montipora Spawning,"Tank 10, Mont. Bin 1 6/13",11:39,swimming larvae,402,"Snap frozen, -80C",,,,
20180626,20180613 Montipora Spawning,"Tank 10, Mont. Bin 1 6/13",11:47,swimming larvae,403,"Snap frozen, -80C",,,,
20180626,20180613 Montipora Spawning,"Tank 10, Mont. Bin 1 6/13",11:49,swimming larvae,404,"Snap frozen, -80C",,,,
20180626,20180613 Montipora Spawning,"Tank 10, Mont. Bin 1 6/13",12:18,swimming larvae,405,"Snap frozen, -80C",,,,
20180626,20180613 Montipora Spawning,"Tank 10, Mont. Bin 1 6/13",12:00,swimming larvae,406,"Snap frozen, -80C",,,,
20180627,20180613 Montipora Spawning,Conical 18,11:43,swimming larvae,407,"Snap frozen, -80C",,,,
20180627,20180613 Montipora Spawning,Conical 17,11:51,swimming larvae,408,"Snap frozen, -80C",,,,
20180627,20180613 Montipora Spawning,Conical 17,11:55,swimming larvae,409,"Snap frozen, -80C",,,,
20180627,20180613 Montipora Spawning,Conical 17,12:02,swimming larvae,410,"Snap frozen, -80C",,,,
20180627,20180613 Montipora Spawning,Conical 17,12:06,swimming larvae,414,"Snap frozen, -80C",,,,
20180627,20180613 Montipora Spawning,Conical 17,12:08,swimming larvae,413,"Snap frozen, -80C",,,,
20180627,20180613 Montipora Spawning,Concial 16,12:10,swimming larvae,411,"Snap frozen, -80C",,,,
20180627,20180613 Montipora Spawning,Conical 17,12:20,swimming larvae,415,"Snap frozen, -80C",,,,
20180627,20180613 Montipora Spawning,Conical 17,12:20,swimming larvae,412,"Snap frozen, -80C",,,,
20180702,Pocillopora Settling Experiment,Newly released,12:20,20 swimming larvae,416,"Snap frozen, -80C",,,,
20180702,Pocillopora Settling Experiment,Newly released,12:20,20 swimming larvae,417,"Snap frozen, -80C",,,,
20180702,Pocillopora Settling Experiment,Newly released,12:15,20 swimming larvae,418,"Snap frozen, -80C",,,,
20180702,Pocillopora Settling Experiment,Newly released,12:15,20 swimming larvae,419,"Snap frozen, -80C",,,,
20180703,Pocillopora Settling Experiment,"Tank 10, Bin 63",12:00,20 swimming larvae,420,"Snap frozen, -80C",,,,
20180703,Pocillopora Settling Experiment,"Tank 10, Bin 83",12:42,20 swimming larvae,426,"Snap frozen, -80C",,,,
20180703,Pocillopora Settling Experiment,"Tank 11, Bin 61",12:09,20 swimming larvae,421,"Snap frozen, -80C",,,,
20180703,Pocillopora Settling Experiment,"Tank 11, Bin 86",12:48,20 swimming larvae,427,"Snap frozen, -80C",,,,
20180703,Pocillopora Settling Experiment,"Tank 12, Bin 64",12:15,20 swimming larvae,422,"Snap frozen, -80C",,,,
20180703,Pocillopora Settling Experiment,"Tank 12, Bin 69",12:54,20 swimming larvae,429,"Snap frozen, -80C",,,,
20180703,Pocillopora Settling Experiment,"Tank 13, Bin 68",12:21,20 swimming larvae,423,"Snap frozen, -80C",,,,
20180703,Pocillopora Settling Experiment,"Tank 13, Bin 74",13:01,20 swimming larvae,430,"Snap frozen, -80C",,,,
20180703,Pocillopora Settling Experiment,"Tank 14, Bin 66",12:27,20 swimming larvae,424,"Snap frozen, -80C",,,,
20180703,Pocillopora Settling Experiment,"Tank 14, Bin 72",13:01,20 swimming larvae,431,"Snap frozen, -80C",,,,
20180703,Pocillopora Settling Experiment,"Tank 15, Bin 67",12:34,20 swimming larvae,425,"Snap frozen, -80C",,,,
20180703,Pocillopora Settling Experiment,"Tank 15, Bin 79",?????,20 swimming larvae,432,"Snap frozen, -80C",,,,
20180705,Pocillopora Settling Experiment,Time Point 0 - General Pool (??),11:23,20 swimming larvae,433,"Snap frozen, -80C",,,,
20180705,Pocillopora Settling Experiment,Time Point 0 - General Pool (??),11:25,20 swimming larvae,434,"Snap frozen, -80C",,,,
20180705,Pocillopora Settling Experiment,Time Point 0 - General Pool (??),11:27,20 swimming larvae,435,"Snap frozen, -80C",,,,
20180706,Pocillopora Settling Experiment,"Time Point 24H - Tank 10, Bin 78",11:56,10 swimming larvae,436,"Snap frozen, -80C",,,,
20180706,Pocillopora Settling Experiment,"Time Point 24H - Tank 10, Bin 81",12:06,20 swimming larvae,437,"Snap frozen, -80C",,,,
20180706,Pocillopora Settling Experiment,"Time Point 24H - Tank 11, Bin 77",13:16,20 swimming larvae,445,"Snap frozen, -80C",,,,
20180706,Pocillopora Settling Experiment,"Time Point 24H - Tank 11, Bin 65",13:12,20 swimming larvae,444,"Snap frozen, -80C",,,,
20180706,Pocillopora Settling Experiment,"Time Point 24H - Tank 12, Bin 80",13:17,20 swimming larvae,447,"Snap frozen, -80C",,,,
20180706,Pocillopora Settling Experiment,"Time Point 24H - Tank 12, Bin 88",13:21,20 swimming larvae,446,"Snap frozen, -80C",,,,
20180706,Pocillopora Settling Experiment,"Time Point 24H - Tank 13, Bin 84",12:21,9 swimming larvae ,439,"Snap frozen, -80C",,,,
20180706,Pocillopora Settling Experiment,"Time Point 24H - Tank 13, Bin 90",12:10,5 swimming larvae,438,"Snap frozen, -80C",,,,
20180706,Pocillopora Settling Experiment,"Time Point 24H - Tank 14, Bin 75",13:04,20 swimming larvae,443,"Snap frozen, -80C",,,,
20180706,Pocillopora Settling Experiment,"Time Point 24H - Tank 14, Bin 73",12:42,20 swimming larvae,442,"Snap frozen, -80C",,,,
20180706,Pocillopora Settling Experiment,"Time Point 24H - Tank 15, Bin 76",12:31,20 swimming larvae,440,"Snap frozen, -80C",,,,
20180706,Pocillopora Settling Experiment,"Time Point 24H - Tank 15, Bin 70",12:37,10 swimming larvae,441,"Snap frozen, -80C",,,,
20180710,Pocillopora Settling Experiment,"Tank 11, Bin 86",14:08,17 settled larvae,442,"Snap frozen, -80C",,,,
20180710,Pocillopora Settling Experiment,"Tank 15, Bin 67",14:00,9 settled larvae,443,"Snap frozen, -80C",,,,
20180710,Pocillopora Settling Experiment,"Tank 15, Bin 79",14:18,14 settled larvae,444,Ethanol - SEM,,,,
20180710,Pocillopora Settling Experiment,"Tank 11, Bin 86",14:10,2 settled larvae,445,"Snap frozen, -80C",,,,
20180710,Pocillopora Settling Experiment,"Tank 11, Bin 61",14:21,9 settled larvae,446,"Snap frozen, -80C",,,,
20180710,Pocillopora Settling Experiment,"Tank 14, Bin 72",14:25,8 settled larvae,447,"Snap frozen, -80C",,,,
20180710,Pocillopora Settling Experiment,"Tank 11, Bin 86",14:25,3 swimming larvae,448,"Snap frozen, -80C",,,,
20180710,Pocillopora Settling Experiment,"Tank 11, Bin 61",14:25,3 swimming larvae,449,"Snap frozen, -80C",,,,
20180710,Pocillopora Settling Experiment,"Tank 13, Bin 68",14:29,2 swimming larvae,450,"Snap frozen, -80C",,,,
20180710,Pocillopora Settling Experiment,"Tank 14, Bin 66",14:32,9 settled larvae,451,"Snap frozen, -80C",,,,
20180710,Pocillopora Settling Experiment,"Tank 13, Bin 68",14:42,19 settled larvae,452,"Snap frozen, -80C",,,,
20180710,Pocillopora Settling Experiment,"Tank 12, Bin 69",14:48,19 settled larvae,453,"Snap frozen, -80C",,,,
20180710,Pocillopora Settling Experiment,"Tank 13, Bin 68",14:45,2 settled larvae,454,Ethanol - SEM,,,,
20180710,Pocillopora Settling Experiment,"Tank 12, Bin 64",14:55,12 settled larvae,455,"Snap frozen, -80C",,,,
20180710,Pocillopora Settling Experiment,"Tank 13, Bin 74",14:54,6 swimming larvae,456,"Snap frozen, -80C",,,,
20180710,Pocillopora Settling Experiment,"Tank 13, Bin 74",15:06,15 settled larvae,457,"Snap frozen, -80C",,,,
20180710,Pocillopora Settling Experiment,"Tank 12, Bin 64",15:03,4 settled larvae,458,Ethanol - SEM,,,,
20180710,Pocillopora Settling Experiment,"Tank 13, Bin 74",15:07,2 settled larvae,459,Ethanol - SEM,,,,
20180710,Pocillopora Settling Experiment,"Tank 10, Bin 63",15:09,9 settled larvae,460,"Snap frozen, -80C",,,,
20180710,Pocillopora Settling Experiment,"Tank 10, Bin 83",15:19,2 swimming larvae,461,"Snap frozen, -80C",,,,
20180710,Pocillopora Settling Experiment,"Tank 10, Bin 83",15:27,16 settled larvae,462,"Snap frozen, -80C",,,,
20180710,Pocillopora Settling Experiment,"Tank 10, Bin 83",15:28,2 settled larvae,463,Ethanol - SEM,,,,
20180713,Pocillopora Settling Experiment,"Tank 10, Bin 78",12:31,3 settled larvae,464,"Snap frozen, -80C",,,,
20180713,Pocillopora Settling Experiment,"Tank 15, Bin 70",12:39,7 swimming larvae,465,"Snap frozen, -80C",,,,
20180713,Pocillopora Settling Experiment,"Tank 10, Bin 81",12:43,2 swimming larvae,466,"Snap frozen, -80C",,,,
20180713,Pocillopora Settling Experiment,"Tank 15, Bin 70",12:53,27 settled larvae ,467,"Snap frozen, -80C",,,,
20180713,Pocillopora Settling Experiment,"Tank 15, Bin 76",13:03,7 settled larvae,468,"Snap frozen, -80C",,,,
20180713,Pocillopora Settling Experiment,"Tank 11, Bin 65",13:04,12 swimming larvae,469,"Snap frozen, -80C",,,,
20180713,Pocillopora Settling Experiment,"Tank 11, Bin 65",13:06,12 settled larvae,470,"Snap frozen, -80C",,,,
20180713,Pocillopora Settling Experiment,"Tank 14, Bin 75",13:10,10 swimming larvae,471,"Snap frozen, -80C",,,,
20180713,Pocillopora Settling Experiment,"Tank 14, Bin 75",13:15,8 settled larvae,472,"Snap frozen, -80C",,,,
20180713,Pocillopora Settling Experiment,"Tank 14, Bin 73",13:18,6 swimming larvae,473,"Snap frozen, -80C",,,,
20180713,Pocillopora Settling Experiment,"Tank 11, Bin 77",13:19,7 swimming larvae,474,"Snap frozen, -80C",,,,
20180713,Pocillopora Settling Experiment,"Tank 11, Bin 77",13:21,19 settled larvae,475,"Snap frozen, -80C",,,,
20180713,Pocillopora Settling Experiment,"Tank 14, Bin 73",13:29,21 settled larvae,476,"Snap frozen, -80C",,,,
20180713,Pocillopora Settling Experiment,"Tank 13, Bin 84",13:45,15 settled larvae,477,"Snap frozen, -80C",,,,
20180713,Pocillopora Settling Experiment,"Tank 12, Bin 80",13:36,5 swimming larvae,478,"Snap frozen, -80C",,,,
20180713,Pocillopora Settling Experiment,"Tank 12, Bin 80",13:39,14 settled larvae,479,"Snap frozen, -80C",,,,
20180713,Pocillopora Settling Experiment,"Tank 13, Bin 73",13:50,15 settled larvae,480,"Snap frozen, -80C",,,,
20180713,Pocillopora Settling Experiment,"Tank 12, Bin 88",13:48,14 swimming larvae,481,"Snap frozen, -80C",,,,
20180713,Pocillopora Settling Experiment,"Tank 12, Bin 88",13:54,11 settled larvae,482,"Snap frozen, -80C",,,,
20180713,Pocillopora Settling Experiment,"Tank 13, Bin 90",14:04,17 settled larvae,483,"Snap frozen, -80C",,,,
20180713,Pocillopora Settling Experiment,"Tank 13, Bin 90",14:00,19 settled larvae,484,"Snap frozen, -80C",,,,
20180728,Montipora Settlement Experiment,"Tank 10, Bin 41",18:45,1 settled larvae,490,"Snap frozen, -80C",,,,
20180728,Montipora Settlement Experiment,"Tank 10, Bin 54",19:01,2 settled larvae,491,"Snap frozen, -80C",,,,
20180728,Montipora Settlement Experiment,"Tank 10, Bin 57",19:07,2 settled larvae,492,"Snap frozen, -80C",,,,
20180728,Montipora Settlement Experiment,"Tank 10, Bin 13",19:15,5 settled larvae,493,"Snap frozen, -80C",,,,
20180728,Montipora Settlement Experiment,"Tank 11, Bin 15",21:53,1 settled larvae,507,"Snap frozen, -80C",,,,
20180728,Montipora Settlement Experiment,"Tank 11, Bin 29",21:56,1 settled larvae,508,"Snap frozen, -80C",,,,
20180728,Montipora Settlement Experiment,"Tank 12, Bin 18",19:30,6 settled larvae,494,"Snap frozen, -80C",,,,
20180728,Montipora Settlement Experiment,"Tank 12, Bin 16",19:38,6 settled larvae,495,"Snap frozen, -80C",,,,
20180728,Montipora Settlement Experiment,"Tank 12, Bin 46",20:07,1 settled larvae,496,"Snap frozen, -80C",,,,
20180728,Montipora Settlement Experiment,"Tank 12, Bin 35",20:11,2 settled larvae,497,"Snap frozen, -80C",,,,
20180728,Montipora Settlement Experiment,"Tank 13, Bin 49",20:20,2 settled larvae,498,"Snap frozen, -80C",,,,
20180728,Montipora Settlement Experiment,"Tank 13, Bin 20",20:29,5 settled larvae,499,"Snap frozen, -80C",,,,
20180728,Montipora Settlement Experiment,"Tank 13, Bin26",20:40,6 settled larvae,500,"Snap frozen, -80C",,,,
20180728,Montipora Settlement Experiment,"Tank 14, Bin 47",20:56,3 settled larvae,501,"Snap frozen, -80C",,,,
20180728,Montipora Settlement Experiment,"Tank 14, Bin 90",21:09,1 settled larvae,502,"Snap frozen, -80C",,,,
20180728,Montipora Settlement Experiment,"Tank 14, Bin 28",21:13,1 settled larvae,503,"Snap frozen, -80C",,,,
20180728,Montipora Settlement Experiment,"Tank 15, Bin 1",21:37,1 settled larvae,504,"Snap frozen, -80C",,,,
20180728,Montipora Settlement Experiment,"Tank 15, Bin 31",21:40,7 settled larvae,505,"Snap frozen, -80C",,,,
20180728,Montipora Settlement Experiment,"Tank 15, Bin 6",21:42,1 settled larvae,506,"Snap frozen, -80C",,,,
20180730,Montipora Settlement Experiment,"Tank 10, Bin 39",10:48,2 settled larvae,509,"Snap frozen, -80C",,,,
20180730,Montipora Settlement Experiment,"Tank 10, Bin 13",10:59,2 settled larvae,510,"Snap frozen, -80C",,,,
20180730,Montipora Settlement Experiment,"Tank 10, Bin 39",11:20,35 swimming,511,"Snap frozen, -80C",,,,
20180730,Montipora Settlement Experiment,"Tank 10, Bin 13",11:20,58 swimming,512,"Snap frozen, -80C",,,,
20180730,Montipora Settlement Experiment,"Tank 11, Bin 36",13:04,24 swimming,513,"Snap frozen, -80C",,,,
20180730,Montipora Settlement Experiment,"Tank 11, Bin 29",13:05,82 swimming,514,"Snap frozen, -80C",,,,
20180730,Montipora Settlement Experiment,"Tank 12, Bin 40",13:36,51 swimming,515,"Snap frozen, -80C",,,,
20180730,Montipora Settlement Experiment,"Tank 12, Bin 35",13:37,68 swimming,516,"Snap frozen, -80C",,,,
20180730,Montipora Settlement Experiment,"Tank 13, Bin 20",13:58,2 settled larvae,517,"Snap frozen, -80C",,,,
20180730,Montipora Settlement Experiment,"Tank 13, Bin 56",14:02,3 settled larvae,518,"Snap frozen, -80C",,,,
20180730,Montipora Settlement Experiment,"Tank 13, Bin 20",13:59,25 swimming,519,"Snap frozen, -80C",,,,
20180730,Montipora Settlement Experiment,"Tank 13, Bin 56",14:06,38 swimming,520,"Snap frozen, -80C",,,,
20180730,Montipora Settlement Experiment,"Tank 14, Bin 50",14:14,11 swimming,521,"Snap frozen, -80C",,,,
20180730,Montipora Settlement Experiment,"Tank 14, Bin 23",14:21,30 swimming,522,"Snap frozen, -80C",,,,
20180730,Montipora Settlement Experiment,"Tank 15, Bin 11",14:35,68 swimming,523,"Snap frozen, -80C",,,,
20180730,Montipora Settlement Experiment,"Tank 15, Bin 2",14:53,30 swimming,525,"Snap frozen, -80C",,,,
20180730,Montipora Settlement Experiment,"Tank 10, Bin 57",14:52,3 settled larvae,524,"Snap frozen, -80C",,,,
20180730,Montipora Settlement Experiment,"Tank 10, Bin 57",14:54,39 swimming,526,"Snap frozen, -80C",,,,
20180730,Montipora Settlement Experiment,"Tank 10, Bin 41",15:09,17 swimming,527,"Snap frozen, -80C",,,,
20180730,Montipora Settlement Experiment,"Tank 11, Bin 44",15:15,4 settled,528,"Snap frozen, -80C",,,,
20180730,Montipora Settlement Experiment,"Tank 11, Bin 44",15:15,29 swimming,529,"Snap frozen, -80C",,,,
20180730,Montipora Settlement Experiment,"Tank 12, Bin 17",15:29,31 swimming,530,"Snap frozen, -80C",,,,
20180730,Montipora Settlement Experiment,"Tank 11, Bin 19",15:21,18 swimming,531,"Snap frozen, -80C",,,,
20180730,Montipora Settlement Experiment,"Tank 12, Bin 17",15:29,2 settled larvae,532,"Snap frozen, -80C",,,,
20180730,Montipora Settlement Experiment,"Tank 12, Bin 16",15:35,4 swimming,533,"Snap frozen, -80C",,,,
20180730,Montipora Settlement Experiment,"Tank 13, Bin 60",15:47,16 swimming,534,"Snap frozen, -80C",,,,
20180730,Montipora Settlement Experiment,"Tank 13, Bin 7",15:50,2 settled larvae,534,"Snap frozen, -80C",,,,
20180730,Montipora Settlement Experiment,"Tank 13, Bin 7",15:50,65 swimming,536,"Snap frozen, -80C",,,,
20180730,Montipora Settlement Experiment,"Tank 13, Bin 60",15:57,6 settled larvae,537,"Snap frozen, -80C",,,,
20180730,Montipora Settlement Experiment,"Tank 14, Bin 30",16:10,32 swimming,538,"Snap frozen, -80C",,,,
20180730,Montipora Settlement Experiment,"Tank 14, Bin 55",16:12,5 swimming,539,"Snap frozen, -80C",,,,
20180730,Montipora Settlement Experiment,"Tank 15, Bin 3",17:12,76 swimming,540,"Snap frozen, -80C",,,,
20180730,Montipora Settlement Experiment,"Tank 15, Bin 4",17:21,12 swimming larvae,541,"Snap frozen, -80C",,,,
20180730,Montipora Settlement Experiment,"Tank 10, Bin 34",17:32,1 settled larvae,542,"Snap frozen, -80C",,,,
20180730,Montipora Settlement Experiment,"Tank 10, Bin 34",17:32,30 swimming,543,"Snap frozen, -80C",,,,
20180730,Montipora Settlement Experiment,"Tank 10, Bin 54",17:41,6 settled larvae,544,"Snap frozen, -80C",,,,
20180730,Montipora Settlement Experiment,"Tank 10, Bin 54",17:51,72 swimming,545,"Snap frozen, -80C",,,,
20180730,Montipora Settlement Experiment,"Tank 11, Bin 5",18:04,14 swimming,546,"Snap frozen, -80C",,,,
20180730,Montipora Settlement Experiment,"Tank 11, Bin 59",18:14,19 swimming,547,"Snap frozen, -80C",,,,
20180730,Montipora Settlement Experiment,"Tank 13, Bin 49",18:37,38 swimming,548,"Snap frozen, -80C",,,,
20180730,Montipora Settlement Experiment,"Tank 13, Bin 52",18:47,17 swimming,549,"Snap frozen, -80C",,,,
20180730,Montipora Settlement Experiment,"Tank 14, Bin 12",18:54,13 swimming,550,"Snap frozen, -80C",,,,
20180730,Montipora Settlement Experiment,"Tank 14, Bin 42",19:03,50 swimming,551,"Snap frozen, -80C",,,,
20180730,Montipora Settlement Experiment,"Tank 14, Bin 23",19:12,15 swimming,552,"Snap frozen, -80C",,,,
20180730,Montipora Settlement Experiment,"Tank 15, Bin 58",19:17,3 swimming,553,"Snap frozen, -80C",,,,
20180730,Montipora Settlement Experiment,"Tank 15, Bin 58",19:19,1 settled larvae,554,"Snap frozen, -80C",,,,
20180730,Montipora Settlement Experiment,"Tank 10, Bin 45",19:29,1 settled larvae,555,"Snap frozen, -80C",,,,
20180730,Montipora Settlement Experiment,"Tank 10, Bin 45",19:29,62 swimming,556,"Snap frozen, -80C",,,,
20180730,Montipora Settlement Experiment,"Tank 10, Bin 31",19:40,4 settled,557,"Snap frozen, -80C",,,,
20180730,Montipora Settlement Experiment,"Tank 10, Bin 31",19:40,43 swimming,558,"Snap frozen, -80C",,,,
20180730,Montipora Settlement Experiment,"Tank 10, Bin 38",19:49,2 swimming,559,"Snap frozen, -80C",,,,
20180730,Montipora Settlement Experiment,"Tank 10, Bin 48",19:56,46 swimming,560,"Snap frozen, -80C",,,,
20180730,Montipora Settlement Experiment,"Tank 10, Bin 48",19:58,13 settled,561,"Snap frozen, -80C",,,,
20180730,Montipora Settlement Experiment,"Tank 11, Bin 21",20:12,49 swimming,562,"Snap frozen, -80C",,,,
20180730,Montipora Settlement Experiment,"Tank 11, Bin 22",20:19,15 swimming,563,"Snap frozen, -80C",,,,
20180730,Montipora Settlement Experiment,"Tank 11, Bin 14",20:25,10 swimming,564,"Snap frozen, -80C",,,,
20180730,Montipora Settlement Experiment,"Tank 11, Bin 15",20:29,20 swimming,565,"Snap frozen, -80C",,,,
20180730,Montipora Settlement Experiment,"Tank 12, Bin 43",20:38,4 settled,566,"Snap frozen, -80C",,,,
20180730,Montipora Settlement Experiment,"Tank 12, Bin 43",20:38,7 swimming,567,"Snap frozen, -80C",,,,
20180730,Montipora Settlement Experiment,"Tank 12, Bin 46",20:45,4 settled,568,"Snap frozen, -80C",,,,
20180730,Montipora Settlement Experiment,"Tank 12, Bin 46",20:45,20 swimming,569,"Snap frozen, -80C",,,,
20180730,Montipora Settlement Experiment,"Tank 12, Bin 18",20:54,6 swimming,570,"Snap frozen, -80C",,,,
20180730,Montipora Settlement Experiment,"Tank 13, Bin 37",21:10,36 swimming,571,"Snap frozen, -80C",,,,
20180730,Montipora Settlement Experiment,"Tank 13, Bin 24",21:20,48 swimming,572,"Snap frozen, -80C",,,,
20180730,Montipora Settlement Experiment,"Tank 13, Bin 27",21:27,13 swimming,573,"Snap frozen, -80C",,,,
20180730,Montipora Settlement Experiment,"Tank 13, Bin 32",21:32,3 swimming,574,"Snap frozen, -80C",,,,
20180730,Montipora Settlement Experiment,"Tank 14, Bin 9",21:37,12 swimming,575,"Snap frozen, -80C",,,,
20180730,Montipora Settlement Experiment,"Tank 14, Bin 47",21:43,29 swimming,576,"Snap frozen, -80C",,,,
20180730,Montipora Settlement Experiment,"Tank 14, Bin 47",21:43,1 settled larvae,577,"Snap frozen, -80C",,,,
20180730,Montipora Settlement Experiment,"Tank 14, Bin 25",21:52,1 settled larvae,578,"Snap frozen, -80C",,,,
20180730,Montipora Settlement Experiment,"Tank 14, Bin 23",21:52,45 swimming,579,"Snap frozen, -80C",,,,
20180730,Montipora Settlement Experiment,"Tank 15, Bin 33",22:01,27 swimming,580,"Snap frozen, -80C",,,,
20180730,Montipora Settlement Experiment,"Tank 15, Bin 1",22:09,78 swimming,581,"Snap frozen, -80C",,,,
20180730,Montipora Settlement Experiment,"Tank 15, Bin 6",22:13,31 swimming,582,"Snap frozen, -80C",,,,
20180730,Montipora Settlement Experiment,"Tank 15, Bin 51",22:22,54 swimming,583,"Snap frozen, -80C",,,,